{
    "floors": 1.9799968745116425,
    "living_area": 3756.147123360026,
    "population": 234.09555345316934,
    "gascentral": 9.169838461723264,
    "hotwater": 12.123060000076773,
    "electricity": 2.8016414974024437
}