{
    "floors": 2.681725888324873,
    "population": 223.12496798975673,
    "lift": 2.148925148925149,
    "gascentral": 0.86504458213692,
    "hotwater": 0.8761080189651618,
    "electricity": 0.8994323970309999
}